,Image_path,True_label,Prediction,Scores,Confidence
0,data/test/drawing/LCE-1901-07-31-a-i0023.jpg,0,0,15.49859,0.762042
1,data/test/drawing/GDL-1956-06-30-a-i0255_6.jpg,0,0,15.144024,0.70914245
2,data/test/drawing/LCE-1908-08-12-a-i0050.jpg,0,6,16.928833,0.95778507
3,data/test/drawing/IMP-1910-05-01-a-i0094_10.jpg,0,6,12.209123,0.5502417
4,data/test/drawing/EXP-1986-07-04-a-i0361.jpg,0,6,12.565176,0.7335236
5,data/test/drawing/IMP-1949-09-30-a-i0010.jpg,0,4,10.08485,0.58186305
6,data/test/drawing/LCE-1915-12-25-a-i0042.jpg,0,6,15.225079,0.93508905
7,data/test/drawing/EXP-1972-12-02-a-i0308.jpg,0,6,11.090664,0.7095051
8,data/test/drawing/JDG-1904-10-21-a-i0066.jpg,0,0,12.554815,0.48323756
9,data/test/drawing/EXP-1957-12-06-a-i0008.jpg,0,0,12.638715,0.7627869
10,data/test/drawing/JDG-1978-10-23-a-i0020.jpg,0,6,12.188614,0.71032935
11,data/test/drawing/IMP-1946-02-01-a-i0084.jpg,0,0,11.011463,0.5100146
12,data/test/drawing/JDG-1958-02-15-a-i0052_2.jpg,0,6,9.443505,0.50875485
13,data/test/drawing/IMP-1955-01-31-a-i0053.jpg,0,4,12.023688,0.8910224
14,data/test/drawing/IMP-1992-02-10-a-i0160.jpg,0,6,12.664336,0.9183784
15,data/test/drawing/GDL-1951-10-24-a-i0014.jpg,0,3,15.151176,0.67183214
16,data/test/drawing/EXP-1914-02-11-a-i0087.jpg,0,6,13.2995825,0.74663085
17,data/test/drawing/IMP-1980-02-04-a-i0078_3.jpg,0,7,16.132597,0.99847955
18,data/test/drawing/IMP-1930-02-27-a-i0033.jpg,0,6,16.08597,0.9181239
19,data/test/drawing/IMP-1913-11-22-a-i0062.jpg,0,6,11.109926,0.5527238
20,data/test/drawing/IMP-1920-03-19-a-i0002.jpg,0,7,13.211197,0.9785296
21,data/test/drawing/IMP-1911-01-14-a-i0027.jpg,0,6,11.5896845,0.6113103
22,data/test/drawing/JDG-1971-07-24-a-i0130.jpg,0,6,10.549961,0.94184107
23,data/test/drawing/EXP-1974-04-25-a-i0418.jpg,0,4,10.492224,0.5022518
24,data/test/drawing/IMP-1989-08-28-a-i0011.jpg,0,4,10.379614,0.8550645
25,data/test/drawing/IMP-1958-03-19-a-i0167.jpg,0,6,10.84521,0.52810717
26,data/test/drawing/GDL-1949-09-03-a-i0216.jpg,0,6,10.337198,0.88125867
27,data/test/drawing/EXP-1990-11-26-a-i0245.jpg,0,6,10.05341,0.48228252
28,data/test/drawing/IMP-2000-09-15-a-i0197_3.jpg,0,6,11.915593,0.92083794
29,data/test/drawing/LCE-1919-05-03-a-i0022.jpg,0,6,9.988922,0.8707579
30,data/test/drawing/IMP-1976-01-24-a-i0073.jpg,0,5,9.166906,0.36144325
31,data/test/drawing/LCE-1908-02-29-a-i0040.jpg,0,6,12.980085,0.9480041
32,data/test/drawing/GDL-1966-04-22-a-i0067.jpg,0,0,15.431179,0.609331
33,data/test/drawing/LCE-1992-06-12-a-i0032.jpg,0,6,14.247381,0.94872004
34,data/test/drawing/IMP-1955-08-01-a-i0038.jpg,0,4,9.939598,0.7957821
35,data/test/drawing/GDL-1900-03-08-a-i0026.jpg,0,0,14.576331,0.8254098
36,data/test/drawing/EXP-1988-07-13-a-i0007.jpg,0,7,12.059067,0.8632447
37,data/test/drawing/EXP-1959-06-19-a-i0106_3.jpg,0,6,11.949922,0.9204925
38,data/test/drawing/EXP-1973-09-01-a-i0451_4.jpg,0,6,10.1195545,0.41440013
39,data/test/drawing/EXP-1994-10-24-a-i0110.jpg,0,4,10.565439,0.541246
40,data/test/drawing/JDG-1955-02-10-a-i0014.jpg,0,0,13.279612,0.6100431
41,data/test/drawing/IMP-1904-04-09-a-i0002_3.jpg,0,6,10.92252,0.49672192
42,data/test/drawing/GDL-1959-02-03-a-i0097_2.jpg,0,6,13.02931,0.61317146
43,data/test/drawing/EXP-1972-07-08-a-i0361_3.jpg,0,6,9.532326,0.7627439
44,data/test/drawing/IMP-1983-10-03-a-i0220.jpg,0,4,9.519317,0.5601325
45,data/test/drawing/EXP-1950-01-28-a-i0233.jpg,0,6,13.085054,0.629574
46,data/test/drawing/LCE-1952-09-22-a-i0041_2.jpg,0,0,8.02172,0.48165601
47,data/test/drawing/JDG-1992-04-25-a-i0255_3.jpg,0,6,16.71229,0.88498145
48,data/test/drawing/JDG-1956-12-12-a-i0230_2.jpg,0,6,12.843248,0.6446637
49,data/test/drawing/IMP-1989-05-31-a-i0100.jpg,0,6,14.062426,0.76736736
50,data/test/drawing/JDG-1994-06-10-a-i0250.jpg,0,6,14.603305,0.4721212
51,data/test/drawing/EXP-1974-05-25-a-i0325_8.jpg,0,6,11.665622,0.80026954
52,data/test/drawing/IMP-1981-02-18-a-i0085_13.jpg,0,0,12.630604,0.81893784
53,data/test/drawing/EXP-1906-03-31-a-i0134.jpg,0,6,10.775363,0.88743895
54,data/test/drawing/IMP-1923-12-21-a-i0030.jpg,0,6,12.192421,0.7368572
55,data/test/drawing/IMP-1951-08-20-a-i0080.jpg,0,6,10.450213,0.58905363
56,data/test/drawing/IMP-1981-02-18-a-i0085_4.jpg,0,0,12.834054,0.49058247
57,data/test/drawing/EXP-1979-08-17-a-i0337.jpg,0,6,12.243422,0.78975034
58,data/test/drawing/EXP-1974-05-25-a-i0325_4.jpg,0,6,12.886306,0.83852696
59,data/test/drawing/IMP-1981-02-18-a-i0085_5.jpg,0,6,9.716344,0.5773443
60,data/test/drawing/GDL-1979-06-15-a-i0026_2.jpg,0,0,14.741104,0.592472
61,data/test/drawing/JDG-1966-05-31-a-i0021.jpg,0,7,10.7628565,0.5369832
62,data/test/drawing/IMP-1903-01-14-a-i0031.jpg,0,7,13.722046,0.86113095
63,data/test/drawing/JDG-1974-01-17-a-i0097.jpg,0,6,8.349457,0.49119174
64,data/test/drawing/EXP-1924-06-06-a-i0046.jpg,0,6,10.356596,0.7237754
65,data/test/drawing/IMP-1915-04-08-a-i0038_2.jpg,0,6,13.029404,0.4862399
66,data/test/drawing/IMP-1925-01-09-a-i0030.jpg,0,6,10.834579,0.9397496
67,data/test/drawing/IMP-1929-10-16-a-i0005.jpg,0,6,12.801604,0.61681455
68,data/test/drawing/EXP-1969-05-13-a-i0056.jpg,0,6,16.08936,0.9689919
69,data/test/drawing/IMP-1906-12-16-a-i0013.jpg,0,6,11.731324,0.6796955
70,data/test/drawing/EXP-1966-11-25-a-i0334.jpg,0,6,13.0729885,0.8978597
71,data/test/drawing/EXP-1974-05-25-a-i0325_2.jpg,0,6,9.382519,0.50344515
72,data/test/drawing/IMP-1981-02-18-a-i0085.jpg,0,6,14.271082,0.816512
73,data/test/drawing/LCE-1915-02-13-a-i0032.jpg,0,6,11.404393,0.66597795
74,data/test/drawing/IMP-1915-05-18-a-i0007.jpg,0,7,14.543173,0.9457813
75,data/test/drawing/IMP-2001-07-17-a-i0177_2.jpg,0,6,17.353828,0.98375344
76,data/test/drawing/EXP-1932-07-26-a-i0078.jpg,0,1,7.3345046,0.39327985
77,data/test/drawing/IMP-1937-02-16-a-i0012.jpg,0,6,14.588696,0.9634198
78,data/test/drawing/IMP-1984-11-06-a-i0005.jpg,0,4,10.045925,0.9001602
79,data/test/drawing/JDG-1977-06-04-a-i0219.jpg,0,4,9.777007,0.52787536
80,data/test/drawing/IMP-2001-07-17-a-i0177.jpg,0,6,16.341618,0.9645837
81,data/test/drawing/EXP-1972-07-08-a-i0361.jpg,0,6,11.275438,0.4856776
82,data/test/drawing/IMP-1936-06-23-a-i0069.jpg,0,6,17.186956,0.9800386
83,data/test/drawing/JDG-1968-10-25-a-i0086.jpg,0,6,13.405929,0.80728763
84,data/test/drawing/GDL-1975-12-13-a-i0099.jpg,0,0,14.019087,0.5162976
85,data/test/drawing/IMP-1993-09-25-a-i0275.jpg,0,6,13.3188,0.92031956
86,data/test/drawing/IMP-1904-04-09-a-i0002.jpg,0,6,16.137184,0.9876373
87,data/test/drawing/GDL-1953-05-30-a-i0173.jpg,0,0,13.253227,0.6099609
88,data/test/drawing/IMP-1901-05-29-a-i0035.jpg,0,0,14.379673,0.66615725
89,data/test/title/LCE-1942-05-20-a-i0019.jpg,8,8,20.157265,0.9979594
90,data/test/title/LCE-1911-10-18-a-i0084.jpg,8,8,19.288425,0.99421716
91,data/test/title/LCE-1921-12-09-a-i0059.jpg,8,8,19.047045,0.99379456
92,data/test/title/LCE-1901-06-01-a-i0012.jpg,8,8,17.52921,0.99511516
93,data/test/title/LCE-1932-07-15-a-i0019.jpg,8,8,19.086445,0.99718493
94,data/test/title/LCE-1911-12-06-a-i0016.jpg,8,8,19.302938,0.9876907
95,data/test/title/LCE-1906-07-25-a-i0010.jpg,8,8,12.429466,0.595066
96,data/test/title/LCE-1908-01-22-a-i0011_2.jpg,8,8,19.458637,0.987959
97,data/test/title/LCE-1942-01-21-a-i0014.jpg,8,8,18.957087,0.9989022
98,data/test/title/LCE-1906-10-13-a-i0019.jpg,8,8,18.426765,0.9973212
99,data/test/title/LCE-1944-03-31-a-i0017.jpg,8,8,20.347694,0.9983279
100,data/test/title/LCE-1910-04-27-a-i0002.jpg,8,6,13.252315,0.3930557
101,data/test/title/LCE-1913-03-01-a-i0008.jpg,8,8,16.405361,0.6416577
102,data/test/title/LCE-1910-04-02-a-i0009.jpg,8,8,17.367853,0.8481315
103,data/test/title/LCE-1952-05-02-a-i0002.jpg,8,8,13.009052,0.9047394
104,data/test/title/LCE-1900-03-17-a-i0006.jpg,8,8,15.02924,0.9632251
105,data/test/title/LCE-1953-06-26-a-i0014.jpg,8,8,18.701818,0.9675675
106,data/test/title/LCE-1912-11-23-a-i0020.jpg,8,8,19.384537,0.9977786
107,data/test/title/LCE-1914-05-15-a-i0014.jpg,8,6,12.3922,0.67317295
108,data/test/title/LCE-1908-03-07-a-i0008.jpg,8,8,19.340746,0.99748284
109,data/test/title/LCE-1905-04-08-a-i0010.jpg,8,8,13.025084,0.82438517
110,data/test/title/LCE-1948-04-05-a-i0009.jpg,8,8,12.741616,0.71411556
111,data/test/title/LCE-1931-05-08-a-i0014.jpg,8,8,18.79205,0.99587554
112,data/test/title/LCE-1913-04-09-a-i0015.jpg,8,8,17.409508,0.9807891
113,data/test/title/LCE-1900-08-29-a-i0011.jpg,8,8,18.157795,0.9995233
114,data/test/title/LCE-1912-10-19-a-i0010.jpg,8,8,18.744179,0.9934275
115,data/test/title/LCE-1907-01-01-a-i0016.jpg,8,8,19.466076,0.9935887
116,data/test/title/LCE-1919-12-12-a-i0013.jpg,8,8,19.9487,0.97208834
117,data/test/title/LCE-1909-08-11-a-i0007_2.jpg,8,8,17.03037,0.93540716
118,data/test/title/LCE-1914-06-19-a-i0015.jpg,8,8,15.94378,0.95716995
119,data/test/title/LCE-1904-07-02-a-i0002.jpg,8,8,13.267899,0.8267293
120,data/test/title/LCE-1904-06-15-a-i0019.jpg,8,8,18.43169,0.9987758
121,data/test/title/LCE-1943-01-27-a-i0017.jpg,8,8,20.328691,0.9978453
122,data/test/title/LCE-1908-08-05-a-i0017.jpg,8,8,18.251013,0.9821945
123,data/test/title/LCE-1904-01-20-a-i0002.jpg,8,8,15.512346,0.9361219
124,data/test/title/LCE-1908-03-28-a-i0012.jpg,8,8,19.82166,0.9978332
125,data/test/title/LCE-1914-07-10-a-i0015.jpg,8,8,18.340717,0.9921909
126,data/test/title/LCE-1906-06-06-a-i0018.jpg,8,8,10.016311,0.8844087
127,data/test/title/LCE-1912-10-12-a-i0009.jpg,8,8,20.218513,0.9958801
128,data/test/title/LCE-1958-06-16-a-i0011.jpg,8,8,17.80735,0.9583085
129,data/test/title/LCE-1935-06-10-a-i0011.jpg,8,8,20.316628,0.99628097
130,data/test/title/LCE-1914-05-01-a-i0002.jpg,8,8,14.887133,0.9796291
131,data/test/title/LCE-1903-04-15-a-i0005.jpg,8,8,15.444983,0.9870876
132,data/test/title/LCE-1913-01-08-a-i0015.jpg,8,8,18.569069,0.87307614
133,data/test/title/LCE-1904-07-27-a-i0010.jpg,8,8,12.87395,0.7127975
134,data/test/title/LCE-1920-12-03-a-i0084.jpg,8,8,19.200714,0.99409395
135,data/test/title/LCE-1907-12-28-a-i0001.jpg,8,9,11.247911,0.6981318
136,data/test/title/LCE-1931-07-10-a-i0012.jpg,8,8,17.776031,0.9989987
137,data/test/title/LCE-1941-08-18-a-i0015.jpg,8,8,18.671526,0.9951143
138,data/test/title/LCE-1901-02-16-a-i0011.jpg,8,8,18.694805,0.99967754
139,data/test/title/LCE-1942-01-02-a-i0012.jpg,8,8,20.121115,0.9995472
140,data/test/title/LCE-1907-08-14-a-i0009.jpg,8,8,18.159115,0.9928196
141,data/test/title/LCE-1933-10-09-a-i0017.jpg,8,8,20.534113,0.99844885
142,data/test/title/LCE-1914-05-11-a-i0016.jpg,8,8,13.638241,0.92294496
143,data/test/title/LCE-1911-10-18-a-i0002.jpg,8,6,14.504252,0.65911716
144,data/test/title/LCE-1919-07-12-a-i0020.jpg,8,8,11.036957,0.5125306
145,data/test/title/LCE-1902-02-19-a-i0007.jpg,8,8,17.068539,0.9657637
146,data/test/title/LCE-1913-02-15-a-i0009.jpg,8,8,19.740616,0.99829584
147,data/test/title/LCE-1909-05-01-a-i0001.jpg,8,9,12.164512,0.8000587
148,data/test/title/LCE-1943-01-27-a-i0008.jpg,8,8,11.146377,0.56069946
149,data/test/title/LCE-1950-02-24-a-i0001.jpg,8,8,20.617332,0.9867028
150,data/test/title/LCE-1948-09-17-a-i0020.jpg,8,8,19.659529,0.99742943
151,data/test/title/LCE-1906-06-09-a-i0002.jpg,8,6,15.54338,0.6667823
152,data/test/title/LCE-1933-02-01-a-i0009.jpg,8,8,13.185963,0.69873327
153,data/test/title/LCE-1906-03-14-a-i0020.jpg,8,8,13.693132,0.6564114
154,data/test/title/LCE-1926-12-24-a-i0057.jpg,8,8,19.234682,0.99858165
155,data/test/title/LCE-1915-04-17-a-i0011.jpg,8,8,19.509514,0.9979309
156,data/test/title/LCE-1923-03-09-a-i0051.jpg,8,8,18.75803,0.9918962
157,data/test/title/LCE-1948-06-09-a-i0015.jpg,8,8,18.578234,0.98909354
158,data/test/title/LCE-1933-09-15-a-i0015.jpg,8,8,17.418354,0.99717146
159,data/test/title/LCE-1910-12-31-a-i0018.jpg,8,8,17.765018,0.99468464
160,data/test/title/LCE-1908-10-07-a-i0011.jpg,8,8,18.891617,0.9945128
161,data/test/title/LCE-1952-02-27-a-i0002.jpg,8,8,15.03711,0.9762724
162,data/test/title/LCE-1908-09-26-a-i0010.jpg,8,8,20.875694,0.99476504
163,data/test/title/LCE-1915-04-07-a-i0012.jpg,8,8,13.777878,0.6943672
164,data/test/title/LCE-1906-02-03-a-i0003.jpg,8,8,10.728577,0.84362626
165,data/test/title/LCE-1915-12-08-a-i0013.jpg,8,8,18.323837,0.98675364
166,data/test/title/LCE-1904-03-09-a-i0001.jpg,8,8,18.82929,0.9982828
167,data/test/title/LCE-1933-05-03-a-i0012.jpg,8,8,18.873295,0.99530584
168,data/test/title/LCE-1949-12-19-a-i0016.jpg,8,8,19.483421,0.9989792
169,data/test/graph/GDL-1989-04-17-a-i0064.jpg,2,2,16.211693,0.99985516
170,data/test/graph/JDG-1976-01-09-a-i0041.jpg,2,2,16.043188,0.9996357
171,data/test/graph/EXP-1903-12-16-a-i0044.jpg,2,2,14.637745,0.99834096
172,data/test/graph/EXP-1962-11-21-a-i0136.jpg,2,2,17.686562,0.99985456
173,data/test/graph/EXP-1935-03-04-a-i0105.jpg,2,2,17.253239,0.9997676
174,data/test/graph/EXP-1923-08-21-a-i0071.jpg,2,2,11.447133,0.9095024
175,data/test/graph/EXP-1912-02-02-a-i0108.jpg,2,2,13.636483,0.98123175
176,data/test/graph/GDL-1979-02-05-a-i0102.jpg,2,2,18.187908,0.99991655
177,data/test/graph/JDG-1908-10-10-a-i0031.jpg,2,2,12.928143,0.92664903
178,data/test/graph/EXP-1911-12-09-a-i0115.jpg,2,2,13.754202,0.9787973
179,data/test/graph/EXP-1951-01-29-a-i0116.jpg,2,2,17.36926,0.9996201
180,data/test/graph/EXP-1921-08-31-a-i0070.jpg,2,2,11.438467,0.7910816
181,data/test/graph/EXP-1916-01-19-a-i0064.jpg,2,2,13.627623,0.9560322
182,data/test/graph/EXP-1913-04-28-a-i0115.jpg,2,2,12.856954,0.96972096
183,data/test/graph/EXP-1923-03-16-a-i0102.jpg,2,2,13.630083,0.9800085
184,data/test/graph/EXP-1912-11-26-a-i0106.jpg,2,2,12.340569,0.9531713
185,data/test/graph/EXP-1945-04-05-a-i0192.jpg,2,2,17.848694,0.99970067
186,data/test/graph/EXP-1923-03-21-a-i0095.jpg,2,6,9.031942,0.46753088
187,data/test/graph/EXP-1970-01-17-a-i0061.jpg,2,2,16.361374,0.9994386
188,data/test/graph/GDL-1989-04-17-a-i0064_2.jpg,2,2,15.519582,0.9992569
189,data/test/graph/JDG-1997-05-01-a-i0235.jpg,2,2,13.992629,0.99695045
190,data/test/graph/EXP-1913-02-21-a-i0127.jpg,2,2,13.045097,0.94888926
191,data/test/graph/EXP-1908-07-09-a-i0073_2.jpg,2,6,9.759069,0.33667877
192,data/test/graph/GDL-1979-10-09-a-i0095.jpg,2,2,15.83074,0.9999037
193,data/test/graph/IMP-1994-10-29-a-i0103.jpg,2,2,13.840271,0.9808353
194,data/test/graph/EXP-1913-09-08-a-i0104.jpg,2,2,13.243309,0.9338613
195,data/test/graph/EXP-1918-02-08-a-i0068.jpg,2,2,10.038986,0.7353851
196,data/test/graph/EXP-1936-05-22-a-i0112.jpg,2,2,16.673786,0.9992188
197,data/test/graph/GDL-1996-02-01-a-i0256.jpg,2,2,14.129112,0.9895907
198,data/test/graph/EXP-1931-10-26-a-i0101_2.jpg,2,2,16.98527,0.9996044
199,data/test/graph/EXP-1913-11-07-a-i0100.jpg,2,2,16.142048,0.98866934
200,data/test/graph/EXP-1903-11-30-a-i0052.jpg,2,2,15.912268,0.99925965
201,data/test/graph/EXP-1920-10-02-a-i0159.jpg,2,2,13.041384,0.92232656
202,data/test/graph/EXP-1948-05-28-a-i0189.jpg,2,2,16.509344,0.998993
203,data/test/graph/JDG-1907-09-14-a-i0064.jpg,2,2,14.3639965,0.9874371
204,data/test/graph/EXP-1915-02-26-a-i0072.jpg,2,2,16.91803,0.99903995
205,data/test/other/LCE-1926-11-05-a-i0060.jpg,9,3,11.086557,0.9756124
206,data/test/other/IMP-1995-08-12-a-i0127.jpg,9,6,10.29995,0.8083723
207,data/test/other/LCE-1941-01-03-a-i0020.jpg,9,8,10.540716,0.66258913
208,data/test/other/LCE-1994-10-05-a-i0047.jpg,9,3,8.070616,0.36822462
209,data/test/game/EXP-1976-05-15-a-i0373.jpg,1,2,12.152521,0.7537905
210,data/test/game/IMP-2017-11-18-a-i0260.jpg,1,1,11.307068,0.734239
211,data/test/game/JDG-1947-12-27-a-i0052.jpg,1,8,10.764179,0.30399913
212,data/test/game/IMP-1941-10-18-a-i0034.jpg,1,8,10.355644,0.9343162
213,data/test/game/IMP-1973-09-01-a-i0208.jpg,1,1,11.192385,0.54302967
214,data/test/game/EXP-2017-07-07-a-i0104.jpg,1,8,14.036912,0.6318274
215,data/test/game/GDL-1964-05-30-a-i0320.jpg,1,1,14.577492,0.83017886
216,data/test/game/JDG-1988-01-20-a-i0172.jpg,1,2,11.282925,0.4957615
217,data/test/game/JDG-1942-06-09-a-i0052.jpg,1,1,9.846318,0.8113121
218,data/test/game/GDL-1915-07-04-a-i0099.jpg,1,6,19.381557,0.9889099
219,data/test/game/JDG-1987-11-06-a-i0201.jpg,1,1,10.138748,0.8647104
220,data/test/game/IMP-1981-10-23-a-i0114.jpg,1,8,12.28475,0.88035595
221,data/test/game/IMP-1958-06-25-a-i0118.jpg,1,1,11.271711,0.8460757
222,data/test/game/GDL-1961-04-08-a-i0326.jpg,1,1,12.070168,0.8970763
223,data/test/game/EXP-2000-11-14-a-i0347_2.jpg,1,6,11.777704,0.5004841
224,data/test/game/EXP-1972-06-12-a-i0345_2.jpg,1,1,12.418514,0.78334785
225,data/test/game/EXP-1967-09-29-a-i0450_2.jpg,1,1,13.088711,0.6173943
226,data/test/game/IMP-2002-05-06-a-i0141.jpg,1,6,12.118046,0.7412287
227,data/test/game/GDL-1938-09-18-a-i0054.jpg,1,6,11.5670395,0.8697821
228,data/test/game/GDL-1926-07-12-a-i0063_2.jpg,1,8,11.0205555,0.85983306
229,data/test/game/IMP-1973-10-31-a-i0019.jpg,1,1,10.949651,0.4971652
230,data/test/game/GDL-1974-11-02-a-i0180_9.jpg,1,2,16.958544,0.989228
231,data/test/game/EXP-1956-03-05-a-i0103.jpg,1,1,13.335355,0.8734826
232,data/test/game/GDL-1964-05-30-a-i0320_6.jpg,1,1,13.068119,0.97868526
233,data/test/game/GDL-1971-03-06-a-i0329.jpg,1,1,11.214424,0.83220416
234,data/test/game/EXP-2013-08-14-a-i0109.jpg,1,1,11.677846,0.86434126
235,data/test/game/JDG-1974-05-18-a-i0221_2.jpg,1,1,10.880133,0.8188085
236,data/test/game/EXP-2009-03-18-a-i0136.jpg,1,1,11.324347,0.6344461
237,data/test/game/EXP-1939-12-13-a-i0083.jpg,1,6,13.819283,0.92931104
238,data/test/game/EXP-1965-10-04-a-i0242.jpg,1,8,10.140008,0.8297363
239,data/test/game/JDG-1974-09-14-a-i0221.jpg,1,6,13.779223,0.89154714
240,data/test/game/IMP-1989-07-01-a-i0086_3.jpg,1,6,13.178985,0.92106086
241,data/test/game/GDL-1958-03-15-a-i0317.jpg,1,1,14.05127,0.54344946
242,data/test/game/EXP-2011-10-25-a-i0292.jpg,1,1,11.365349,0.58363587
243,data/test/game/IMP-1985-07-06-a-i0063.jpg,1,6,10.301976,0.712427
244,data/test/game/IMP-2008-10-15-a-i0133_3.jpg,1,6,10.781704,0.7395747
245,data/test/game/IMP-1967-05-03-a-i0276.jpg,1,1,11.3204,0.46915254
246,data/test/game/EXP-1981-09-01-a-i0332.jpg,1,6,10.079968,0.3708088
247,data/test/game/JDG-1943-06-09-a-i0074.jpg,1,1,11.388788,0.4634417
248,data/test/game/EXP-1936-02-14-a-i0035.jpg,1,1,10.621305,0.8975921
249,data/test/game/EXP-1981-09-01-a-i0332_3.jpg,1,4,12.145546,0.7951891
250,data/test/game/EXP-1996-12-30-a-i0048.jpg,1,6,13.338776,0.91427565
251,data/test/game/EXP-2014-07-11-a-i0125.jpg,1,8,9.97774,0.80969113
252,data/test/game/EXP-1959-02-20-a-i0098.jpg,1,1,13.94815,0.7291292
253,data/test/game/JDG-1936-02-07-a-i0064.jpg,1,8,13.156008,0.99543166
254,data/test/comic/IMP-1965-03-13-a-i0144.jpg,4,6,13.7284355,0.8876035
255,data/test/comic/IMP-1957-11-02-a-i0173_5.jpg,4,4,10.934744,0.9036986
256,data/test/comic/GDL-1936-12-18-a-i0041.jpg,4,4,11.708006,0.88762724
257,data/test/comic/IMP-1992-12-19-a-i0198_2.jpg,4,4,14.587953,0.99851066
258,data/test/comic/IMP-1960-08-06-a-i0090_4.jpg,4,6,8.912786,0.4491012
259,data/test/comic/IMP-1961-11-01-a-i0016.jpg,4,4,13.52487,0.9431753
260,data/test/comic/LCE-1999-01-22-a-i0030.jpg,4,4,10.9745865,0.9187222
261,data/test/comic/IMP-1960-08-06-a-i0090_7.jpg,4,4,8.816559,0.7546386
262,data/test/comic/EXP-1956-07-25-a-i0105.jpg,4,4,10.153717,0.78849566
263,data/test/comic/IMP-1957-12-16-a-i0087.jpg,4,4,11.696456,0.97468764
264,data/test/comic/EXP-1965-12-24-a-i0313_3.jpg,4,4,16.274687,0.9995346
265,data/test/comic/IMP-2012-09-01-a-i0115.jpg,4,4,13.875395,0.9997502
266,data/test/comic/EXP-1959-02-20-a-i0098_4.jpg,4,4,12.880705,0.80058545
267,data/test/comic/IMP-1974-02-12-a-i0183.jpg,4,4,13.291325,0.9929262
268,data/test/comic/IMP-1965-03-13-a-i0144_3.jpg,4,4,10.225595,0.77239853
269,data/test/comic/EXP-1958-05-20-a-i0092_3.jpg,4,4,11.380627,0.9132034
270,data/test/comic/LCE-1969-05-19-a-i0016_3.jpg,4,4,16.055742,0.9998622
271,data/test/comic/IMP-1979-12-03-a-i0187.jpg,4,4,12.259086,0.864273
272,data/test/comic/IMP-1993-04-16-a-i0150.jpg,4,6,9.897207,0.74380964
273,data/test/comic/EXP-1966-07-15-a-i0238.jpg,4,4,8.7105465,0.6677011
274,data/test/comic/EXP-1966-07-16-a-i0254_6.jpg,4,4,9.467857,0.6209711
275,data/test/comic/IMP-1959-12-05-a-i0123.jpg,4,3,8.051937,0.46143872
276,data/test/comic/EXP-1979-12-29-a-i0132.jpg,4,4,10.2312765,0.5286279
277,data/test/comic/IMP-2012-10-15-a-i0103.jpg,4,4,14.726842,0.9998481
278,data/test/comic/EXP-1989-08-16-a-i0308_4.jpg,4,4,13.615549,0.976086
279,data/test/comic/EXP-1958-01-21-a-i0185.jpg,4,4,10.768579,0.9316361
280,data/test/comic/EXP-1967-01-26-a-i0258_3.jpg,4,4,15.5158,0.9998696
281,data/test/comic/EXP-1965-01-28-a-i0311.jpg,4,4,12.369909,0.7924
282,data/test/comic/EXP-2004-11-03-a-i0131_2.jpg,4,4,11.48446,0.84059495
283,data/test/comic/EXP-1998-11-11-a-i0396.jpg,4,4,11.417189,0.9699336
284,data/test/comic/EXP-1968-06-14-a-i0472.jpg,4,4,12.641563,0.9756026
285,data/test/comic/EXP-2000-03-18-a-i0362.jpg,4,4,9.929318,0.9253527
286,data/test/comic/EXP-1976-12-31-a-i0420.jpg,4,4,16.314669,0.99982256
287,data/test/comic/EXP-1962-01-05-a-i0084_2.jpg,4,4,17.038565,0.999912
288,data/test/comic/IMP-1949-09-09-a-i0013.jpg,4,4,10.886967,0.7351399
289,data/test/comic/EXP-1940-04-09-a-i0069.jpg,4,4,10.124693,0.8605364
290,data/test/comic/IMP-1942-05-29-a-i0016.jpg,4,4,10.275578,0.62243456
291,data/test/comic/IMP-1959-02-06-a-i0032.jpg,4,6,11.895454,0.85693395
292,data/test/comic/GDL-1915-12-05-a-i0098.jpg,4,6,7.693066,0.6281954
293,data/test/comic/IMP-1947-07-04-a-i0016.jpg,4,6,7.803315,0.2958086
294,data/test/map/GDL-1907-04-02-a-i0069.jpg,5,5,13.6005945,0.9046597
295,data/test/map/GDL-1950-05-17-a-i0056.jpg,5,5,17.582756,0.984027
296,data/test/map/GDL-1991-06-01-a-i0298.jpg,5,5,15.957407,0.96681714
297,data/test/map/LCE-1998-03-06-a-i0015_2.jpg,5,5,16.442593,0.52864546
298,data/test/map/GDL-1941-07-15-a-i0121.jpg,5,5,16.424595,0.6243627
299,data/test/map/IMP-1960-01-16-a-i0024.jpg,5,6,15.58337,0.6887068
300,data/test/map/EXP-1992-02-14-a-i0439_3.jpg,5,5,17.270773,0.9983676
301,data/test/map/EXP-1957-07-04-a-i0103_2.jpg,5,5,18.643469,0.9856389
302,data/test/map/JDG-1987-04-10-a-i0203_2.jpg,5,6,15.327175,0.89994514
303,data/test/map/EXP-2009-01-31-a-i0302_2.jpg,5,5,14.425936,0.9997539
304,data/test/map/JDG-1959-02-02-a-i0018.jpg,5,5,17.216763,0.84640765
305,data/test/map/EXP-2003-09-29-a-i0014.jpg,5,5,17.81155,0.9970578
306,data/test/map/GDL-1918-12-02-a-i0002.jpg,5,5,16.874016,0.51996696
307,data/test/map/EXP-2017-08-02-a-i0209.jpg,5,5,13.246749,0.9952011
308,data/test/map/JDG-1940-03-08-a-i0008.jpg,5,5,17.398186,0.92754835
309,data/test/map/EXP-1979-10-23-a-i0132_2.jpg,5,6,16.367546,0.63911045
310,data/test/logo/IMP-1915-06-08-a-i0031.jpg,3,8,13.81921,0.79340965
311,data/test/logo/EXP-2005-11-16-a-i0232_2.jpg,3,3,12.179194,0.6744592
312,data/test/logo/JDG-1907-11-03-a-i0012.jpg,3,3,12.843256,0.606767
313,data/test/logo/LCE-1970-04-14-a-i0026.jpg,3,8,18.284286,0.9976978
314,data/test/logo/IMP-2016-11-03-a-i0254.jpg,3,8,14.052032,0.5182043
315,data/test/logo/IMP-1963-03-12-a-i0199.jpg,3,3,14.533831,0.51589143
316,data/test/logo/LCE-1903-12-23-a-i0048.jpg,3,4,12.983122,0.8012106
317,data/test/logo/LCE-1923-06-22-a-i0016.jpg,3,3,15.154465,0.8708562
318,data/test/logo/IMP-1979-12-27-a-i0050.jpg,3,3,12.448214,0.89034474
319,data/test/logo/EXP-2017-10-24-a-i0150.jpg,3,3,13.837413,0.99232215
320,data/test/logo/EXP-1966-11-11-a-i0429.jpg,3,6,17.506397,0.90003353
321,data/test/logo/JDG-1909-10-12-a-i0099.jpg,3,6,15.243341,0.9388002
322,data/test/logo/LCE-1981-02-17-a-i0063_2.jpg,3,3,13.349098,0.52876747
323,data/test/logo/JDG-1970-04-09-a-i0185.jpg,3,3,14.131386,0.8482603
324,data/test/logo/IMP-1973-01-30-a-i0025.jpg,3,8,10.783316,0.9706297
325,data/test/logo/LCE-1909-05-26-a-i0023.jpg,3,3,12.283015,0.94418234
326,data/test/logo/GDL-1978-02-27-a-i0145.jpg,3,6,16.91641,0.9705921
327,data/test/logo/EXP-2003-01-31-a-i0051.jpg,3,3,9.618681,0.6000623
328,data/test/logo/EXP-2016-03-11-a-i0182.jpg,3,3,14.231073,0.9667208
329,data/test/logo/LCE-1929-06-14-a-i0044.jpg,3,8,10.004442,0.52024597
330,data/test/logo/IMP-1915-03-27-a-i0043.jpg,3,8,13.221582,0.86176366
331,data/test/logo/IMP-1996-03-27-a-i0210_2.jpg,3,3,13.7438135,0.6501748
332,data/test/logo/LCE-1904-11-26-a-i0031.jpg,3,3,12.681367,0.7276009
333,data/test/logo/IMP-1990-08-22-a-i0508.jpg,3,3,11.676186,0.75128245
334,data/test/logo/LCE-1924-03-03-a-i0033.jpg,3,3,12.447804,0.60385555
335,data/test/logo/LCE-1952-05-16-a-i0010.jpg,3,3,11.535259,0.9817331
336,data/test/logo/LCE-1952-08-29-a-i0021.jpg,3,8,12.464718,0.5017569
337,data/test/logo/LCE-1970-06-23-a-i0095_2.jpg,3,3,13.561993,0.95251423
338,data/test/logo/LCE-1977-11-18-a-i0010.jpg,3,3,15.86034,0.4803625
339,data/test/logo/IMP-1980-04-03-a-i0263.jpg,3,8,16.14805,0.7807393
340,data/test/logo/LCE-1903-11-04-a-i0027.jpg,3,3,12.074535,0.9504564
341,data/test/logo/EXP-1906-02-05-a-i0060.jpg,3,8,12.068941,0.84446925
342,data/test/logo/LCE-1908-11-04-a-i0048.jpg,3,6,13.935865,0.5007609
343,data/test/logo/LCE-1939-02-22-a-i0036.jpg,3,3,12.133142,0.9612618
344,data/test/logo/EXP-1979-05-04-a-i0025.jpg,3,3,11.865528,0.86895937
345,data/test/logo/EXP-1923-03-21-a-i0023.jpg,3,3,12.26395,0.6875608
346,data/test/logo/GDL-1965-04-27-a-i0119.jpg,3,6,17.080753,0.965738
347,data/test/logo/JDG-1977-12-17-a-i0244.jpg,3,3,13.476891,0.7520661
348,data/test/logo/JDG-1907-12-13-a-i0050.jpg,3,6,13.973408,0.97239697
349,data/test/logo/EXP-1953-05-30-a-i0157.jpg,3,3,15.202047,0.97979045
350,data/test/logo/JDG-1925-08-29-a-i0041.jpg,3,3,13.778697,0.90468884
351,data/test/logo/JDG-1982-07-05-a-i0042.jpg,3,8,12.857573,0.57914543
352,data/test/logo/LCE-1952-05-09-a-i0053_2.jpg,3,3,9.916256,0.69558895
353,data/test/logo/LCE-1975-02-14-a-i0004.jpg,3,8,13.889681,0.99819994
354,data/test/logo/IMP-2014-01-03-a-i0088.jpg,3,8,10.346842,0.4863565
355,data/test/diverse/LCE-1956-12-05-a-i0056.jpg,6,3,10.649745,0.60580987
356,data/test/diverse/IMP-1936-08-08-a-i0059.jpg,6,6,16.191406,0.84923345
357,data/test/diverse/IMP-1927-11-09-a-i0063.jpg,6,6,14.990064,0.93024385
358,data/test/diverse/LCE-1952-10-22-a-i0022.jpg,6,3,9.796796,0.55826324
359,data/test/diverse/LCE-1926-03-12-a-i0069.jpg,6,3,15.549866,0.99518186
360,data/test/diverse/IMP-1973-05-18-a-i0446.jpg,6,3,8.191976,0.35295683
361,data/test/diverse/IMP-1924-04-24-a-i0089.jpg,6,0,9.093433,0.38778675
362,data/test/diverse/LCE-1954-09-20-a-i0007.jpg,6,3,11.745319,0.9050502
363,data/test/diverse/EXP-2014-09-06-a-i0126.jpg,6,8,10.191677,0.54102373
364,data/test/diverse/LCE-1987-05-01-a-i0107.jpg,6,5,12.553713,0.56628007
365,data/test/diverse/GDL-1927-03-21-a-i0033.jpg,6,6,14.389584,0.42890224
366,data/test/diverse/IMP-1923-09-24-a-i0103.jpg,6,0,9.424704,0.42551795
367,data/test/diverse/GDL-1989-03-16-a-i0193.jpg,6,3,9.821425,0.39823785
368,data/test/diverse/IMP-1964-11-24-a-i0008.jpg,6,3,13.882275,0.9797927
369,data/test/diverse/EXP-1987-01-24-a-i0027_2.jpg,6,3,13.718113,0.7283864
370,data/test/diverse/LCE-1920-10-20-a-i0018.jpg,6,3,10.140388,0.87868536
371,data/test/diverse/LCE-1953-04-27-a-i0026_4.jpg,6,3,10.291483,0.79103035
372,data/test/diverse/EXP-1964-03-09-a-i0094.jpg,6,3,10.888241,0.7681948
373,data/test/diverse/EXP-1979-10-05-a-i0441.jpg,6,8,15.101831,0.97713476
374,data/test/diverse/LCE-1913-07-26-a-i0055.jpg,6,3,8.777141,0.43809038
375,data/test/diverse/IMP-1931-06-19-a-i0155.jpg,6,6,16.03336,0.716766
376,data/test/diverse/EXP-2017-04-19-a-i0243.jpg,6,4,9.372234,0.7160137
377,data/test/diverse/IMP-2017-08-28-a-i0091.jpg,6,4,8.07087,0.6802516
378,data/test/diverse/JDG-1945-06-07-a-i0074.jpg,6,4,8.879454,0.47309247
379,data/test/diverse/IMP-2014-02-24-a-i0122.jpg,6,4,7.026613,0.47551206
380,data/test/diverse/IMP-1931-04-25-a-i0106.jpg,6,6,15.399258,0.8973763
381,data/test/diverse/JDG-1977-10-28-a-i0156.jpg,6,6,14.839528,0.91405976
382,data/test/diverse/LCE-1966-02-28-a-i0036.jpg,6,4,9.71483,0.71175987
383,data/test/diverse/EXP-2013-10-23-a-i0148.jpg,6,8,9.534002,0.6375033
384,data/test/diverse/GDL-1963-05-16-a-i0020_4.jpg,6,4,12.641727,0.98655593
385,data/test/diverse/IMP-1906-06-30-a-i0059.jpg,6,6,13.322062,0.948469
386,data/test/diverse/IMP-1934-06-06-a-i0064.jpg,6,6,15.671704,0.91300166
387,data/test/diverse/IMP-1926-03-30-a-i0006.jpg,6,6,11.962365,0.9591964
388,data/test/diverse/IMP-1925-01-20-a-i0028.jpg,6,3,14.038677,0.8769092
389,data/test/diverse/JDG-1995-02-23-a-i0220_2.jpg,6,3,14.314352,0.9526405
390,data/test/diverse/LCE-1952-05-23-a-i0019.jpg,6,3,11.377613,0.93738556
391,data/test/diverse/LCE-1954-05-31-a-i0064.jpg,6,3,8.612734,0.44523332
392,data/test/diverse/EXP-2012-11-02-a-i0082.jpg,6,3,5.880349,0.46812752
393,data/test/diverse/IMP-1929-10-31-a-i0215.jpg,6,6,15.684383,0.9919109
394,data/test/diverse/IMP-1929-11-12-a-i0084.jpg,6,0,10.95117,0.44918013
395,data/test/diverse/IMP-1937-11-01-a-i0045.jpg,6,8,14.82642,0.96497923
396,data/test/diverse/IMP-1998-10-03-a-i0280_3.jpg,6,6,12.113108,0.9300388
397,data/test/diverse/IMP-1936-01-24-a-i0007.jpg,6,6,14.612715,0.72953296
398,data/test/diverse/IMP-1938-03-22-a-i0047.jpg,6,8,16.309618,0.9793585
399,data/test/diverse/IMP-2017-10-05-a-i0203.jpg,6,4,7.0474467,0.5982857
400,data/test/diverse/JDG-1942-12-19-a-i0074.jpg,6,3,14.896807,0.9470792
401,data/test/diverse/IMP-1938-04-29-a-i0029.jpg,6,8,14.141542,0.93210524
402,data/test/diverse/IMP-1927-07-30-a-i0148.jpg,6,3,11.472577,0.655396
403,data/test/diverse/IMP-1928-11-12-a-i0027.jpg,6,3,14.24239,0.982183
404,data/test/diverse/IMP-1971-04-28-a-i0019.jpg,6,8,10.496326,0.62765515
405,data/test/diverse/EXP-2013-05-21-a-i0114.jpg,6,3,12.888522,0.981013
406,data/test/diverse/IMP-1997-08-13-a-i0182.jpg,6,8,8.845646,0.5965818
407,data/test/diverse/IMP-1929-07-18-a-i0023.jpg,6,6,14.692732,0.9255545
408,data/test/diverse/GDL-1949-12-03-a-i0095.jpg,6,3,9.908714,0.36967766
409,data/test/diverse/LCE-1970-05-09-a-i0083.jpg,6,8,10.5685005,0.5853016
410,data/test/diverse/IMP-1929-11-22-a-i0199.jpg,6,6,13.041658,0.685205
411,data/test/diverse/IMP-2002-05-02-a-i0367.jpg,6,5,16.074139,0.9969496
412,data/test/diverse/EXP-2014-09-03-a-i0105.jpg,6,3,12.718664,0.65965706
413,data/test/diverse/EXP-1950-03-24-a-i0151_3.jpg,6,3,13.873566,0.9959467
414,data/test/diverse/IMP-2002-06-05-a-i0309.jpg,6,8,8.229702,0.79975075
415,data/test/diverse/IMP-1924-08-19-a-i0092.jpg,6,6,10.511117,0.4475941
416,data/test/diverse/IMP-2015-08-07-a-i0180.jpg,6,1,11.162131,0.7295336
417,data/test/diverse/EXP-1948-02-28-a-i0374.jpg,6,6,11.41582,0.40033475
418,data/test/photo/EXP-1928-01-09-a-i0056.jpg,7,7,16.287113,0.9975528
419,data/test/photo/EXP-2002-04-06-a-i0048.jpg,7,6,8.971512,0.63574106
420,data/test/photo/IMP-1936-05-11-a-i0011.jpg,7,7,12.478348,0.9428148
421,data/test/photo/IMP-1996-09-21-a-i0207.jpg,7,7,9.9065075,0.96096486
422,data/test/photo/GDL-1989-04-08-a-i0200.jpg,7,7,9.967751,0.91529995
423,data/test/photo/EXP-1929-08-09-a-i0096.jpg,7,7,11.44042,0.64821684
424,data/test/photo/IMP-1972-04-20-a-i0026.jpg,7,7,12.648098,0.98879844
425,data/test/photo/IMP-2006-06-27-a-i0272.jpg,7,1,5.99004,0.6803185
426,data/test/photo/IMP-1934-12-26-a-i0010.jpg,7,7,10.756838,0.7291152
427,data/test/photo/IMP-1960-07-25-a-i0010.jpg,7,7,8.695117,0.62186575
428,data/test/photo/IMP-1946-09-13-a-i0004.jpg,7,7,11.135462,0.9790831
429,data/test/photo/EXP-1967-08-21-a-i0234.jpg,7,7,9.295726,0.82060313
430,data/test/photo/IMP-1944-04-03-a-i0005.jpg,7,6,10.452291,0.5932987
431,data/test/photo/IMP-1968-08-09-a-i0158.jpg,7,7,12.277876,0.95423204
432,data/test/photo/EXP-2009-06-27-a-i0182.jpg,7,8,5.14019,0.32216355
433,data/test/photo/EXP-2017-04-22-a-i0197.jpg,7,8,4.4881964,0.36276203
434,data/test/photo/EXP-1967-04-24-a-i0127.jpg,7,7,9.830592,0.7812066
435,data/test/photo/IMP-2009-12-01-a-i0072.jpg,7,8,6.4951005,0.6044176
436,data/test/photo/GDL-1940-07-31-a-i0068.jpg,7,7,15.480625,0.99360365
437,data/test/photo/IMP-2004-06-19-a-i0149.jpg,7,7,6.9988327,0.7041202
438,data/test/photo/EXP-2015-07-13-a-i0127.jpg,7,7,5.722915,0.51368296
439,data/test/photo/EXP-1913-03-10-a-i0089.jpg,7,7,13.4018,0.52159786
440,data/test/photo/EXP-1925-02-14-a-i0084.jpg,7,7,12.133584,0.85491335
441,data/test/photo/IMP-1948-05-05-a-i0044.jpg,7,7,16.15195,0.99963987
442,data/test/photo/LCE-1909-06-23-a-i0020.jpg,7,7,12.756374,0.9511125
443,data/test/photo/IMP-1941-09-09-a-i0010.jpg,7,7,14.870649,0.7381942
444,data/test/photo/EXP-1929-04-20-a-i0006.jpg,7,7,11.14562,0.85045487
445,data/test/photo/IMP-1915-11-10-a-i0006_2.jpg,7,7,10.590155,0.49897707
446,data/test/photo/EXP-2003-04-09-a-i0164.jpg,7,7,7.728931,0.8375173
447,data/test/photo/EXP-1975-09-10-a-i0205.jpg,7,7,9.309568,0.95413196
448,data/test/photo/EXP-1961-06-08-a-i0104.jpg,7,3,7.540103,0.9023652
449,data/test/photo/EXP-1950-03-31-a-i0008.jpg,7,7,9.408886,0.97862786
450,data/test/photo/IMP-1958-01-03-a-i0117.jpg,7,7,12.869976,0.9752044
451,data/test/photo/JDG-1945-04-11-a-i0005.jpg,7,7,11.520701,0.98890275
452,data/test/photo/EXP-2014-01-10-a-i0101_2.jpg,7,5,6.284463,0.5131393
453,data/test/photo/IMP-1966-12-10-a-i0326.jpg,7,7,9.618492,0.8771025
454,data/test/photo/IMP-1984-09-11-a-i0275.jpg,7,6,8.13113,0.4049481
455,data/test/photo/EXP-2005-01-21-a-i0307.jpg,7,8,5.336549,0.2820497
456,data/test/photo/EXP-1938-12-12-a-i0119.jpg,7,6,9.363243,0.5031892
457,data/test/photo/IMP-1967-04-21-a-i0279.jpg,7,0,9.568474,0.3462389
458,data/test/photo/EXP-2000-09-13-a-i0271.jpg,7,6,6.197385,0.27148062
459,data/test/photo/EXP-2016-04-04-a-i0128.jpg,7,7,6.2969127,0.47871798
460,data/test/photo/EXP-1966-02-18-a-i0473.jpg,7,7,13.324622,0.97415835
461,data/test/photo/IMP-1930-01-08-a-i0004.jpg,7,7,17.86876,0.9991466
462,data/test/photo/EXP-1996-09-10-a-i0259.jpg,7,7,11.6197405,0.9801223
463,data/test/photo/IMP-2006-03-11-a-i0243.jpg,7,7,9.905187,0.9922552
464,data/test/photo/EXP-1965-12-16-a-i0130.jpg,7,7,11.555311,0.9278229
465,data/test/photo/JDG-1982-04-21-a-i0076.jpg,7,7,12.344917,0.62427783
466,data/test/photo/IMP-1938-02-02-a-i0008.jpg,7,7,13.329283,0.94766146
467,data/test/photo/LCE-1982-12-14-a-i0038.jpg,7,7,9.602386,0.8936287
468,data/test/photo/EXP-1935-06-11-a-i0006.jpg,7,7,13.446129,0.9589881
469,data/test/photo/EXP-2004-11-29-a-i0091.jpg,7,7,6.5947413,0.73090625
470,data/test/photo/EXP-1953-08-18-a-i0007.jpg,7,7,14.7182045,0.99504155
471,data/test/photo/IMP-1929-08-23-a-i0002.jpg,7,6,10.881813,0.949633
472,data/test/photo/IMP-1974-11-29-a-i0092.jpg,7,7,8.36369,0.65333104
473,data/test/photo/IMP-1962-03-23-a-i0300.jpg,7,7,12.046889,0.7152093
474,data/test/photo/IMP-1976-06-14-a-i0140.jpg,7,7,9.726329,0.7493093
475,data/test/photo/JDG-1937-11-19-a-i0106.jpg,7,7,13.598305,0.9169503
476,data/test/photo/GDL-1993-03-13-a-i0130.jpg,7,7,7.3510904,0.51486224
477,data/test/photo/JDG-1936-12-30-a-i0033.jpg,7,7,7.5113626,0.66272515
478,data/test/photo/EXP-1970-05-26-a-i0220.jpg,7,7,13.096241,0.9588458
479,data/test/photo/GDL-1984-06-26-a-i0081.jpg,7,7,6.9038467,0.5804406
480,data/test/photo/EXP-1968-12-12-a-i0341.jpg,7,7,12.454211,0.9934999
481,data/test/photo/GDL-1965-11-27-a-i0316.jpg,7,7,11.586786,0.996828
482,data/test/photo/EXP-1982-07-29-a-i0138.jpg,7,7,12.659758,0.9895326
483,data/test/photo/IMP-2008-09-16-a-i0309.jpg,7,1,7.882348,0.47976345
484,data/test/photo/EXP-1963-12-18-a-i0160.jpg,7,6,9.630988,0.6144027
485,data/test/photo/LCE-1969-01-09-a-i0002.jpg,7,6,12.731621,0.906464
486,data/test/photo/IMP-1989-08-16-a-i0106.jpg,7,7,12.718546,0.9835312
487,data/test/photo/EXP-2002-11-14-a-i0041.jpg,7,7,8.209858,0.6566672
488,data/test/photo/EXP-1970-05-26-a-i0397.jpg,7,7,12.362455,0.9926963
489,data/test/photo/IMP-1913-01-18-a-i0043.jpg,7,7,16.3102,0.9964701
490,data/test/photo/EXP-1936-07-17-a-i0002.jpg,7,7,9.383648,0.9774424
491,data/test/photo/IMP-1923-05-14-a-i0034.jpg,7,7,12.36029,0.94298863
492,data/test/photo/EXP-1948-12-08-a-i0100.jpg,7,6,17.171686,0.9962915
493,data/test/photo/JDG-1979-11-20-a-i0091.jpg,7,7,6.5178647,0.6712918
494,data/test/photo/EXP-2016-03-22-a-i0009.jpg,7,8,7.899352,0.73911315
495,data/test/photo/IMP-1940-02-21-a-i0005.jpg,7,7,9.854258,0.9004421
496,data/test/photo/IMP-1961-09-04-a-i0048.jpg,7,7,9.835769,0.9562394
497,data/test/photo/IMP-2015-08-22-a-i0196.jpg,7,1,6.220851,0.55513114
498,data/test/photo/IMP-2002-12-28-a-i0029.jpg,7,1,10.722883,0.593024
499,data/test/photo/EXP-1998-10-09-a-i0256.jpg,7,0,9.328629,0.59589016
500,data/test/photo/GDL-1934-07-16-a-i0002.jpg,7,7,14.346453,0.89580804
501,data/test/photo/IMP-1948-10-02-a-i0104.jpg,7,7,11.429245,0.9004025
502,data/test/photo/LCE-1970-06-23-a-i0095.jpg,7,3,8.639831,0.30918214
503,data/test/photo/LCE-1970-07-28-a-i0070.jpg,7,7,12.545244,0.9918716
504,data/test/photo/GDL-1982-12-02-a-i0053.jpg,7,6,10.330744,0.5917102
505,data/test/photo/EXP-1999-02-26-a-i0228.jpg,7,7,9.331091,0.814008
506,data/test/photo/IMP-1940-02-08-a-i0008.jpg,7,7,11.299391,0.94931096
507,data/test/photo/GDL-1985-05-04-a-i0023.jpg,7,6,9.80981,0.8442904
508,data/test/photo/EXP-2010-02-01-a-i0162.jpg,7,7,4.999824,0.6210281
509,data/test/photo/GDL-1970-05-21-a-i0034.jpg,7,0,10.999376,0.33359993
510,data/test/photo/IMP-2010-01-26-a-i0273.jpg,7,7,12.084181,0.9930367
511,data/test/photo/EXP-2003-10-16-a-i0129.jpg,7,7,10.244888,0.96671474
512,data/test/photo/IMP-2005-05-30-a-i0078.jpg,7,7,7.943639,0.82129407
513,data/test/photo/IMP-1926-08-25-a-i0008.jpg,7,6,14.698875,0.9072369
514,data/test/photo/IMP-1952-08-07-a-i0004.jpg,7,6,11.457779,0.50084126
515,data/test/photo/GDL-1995-11-18-a-i0107.jpg,7,3,10.00836,0.88802683
516,data/test/photo/EXP-2011-06-01-a-i0189.jpg,7,7,8.338465,0.874538
517,data/test/photo/IMP-2004-02-19-a-i0002.jpg,7,7,4.7034187,0.41542524
518,data/test/photo/IMP-2003-01-17-a-i0027.jpg,7,7,13.904243,0.9964669
519,data/test/photo/JDG-1909-11-09-a-i0050.jpg,7,7,13.8967495,0.9655518
520,data/test/photo/JDG-1992-09-07-a-i0165.jpg,7,7,10.755808,0.9987758
521,data/test/photo/EXP-1957-02-04-a-i0014.jpg,7,7,10.73606,0.98610955
522,data/test/photo/EXP-2014-12-16-a-i0190.jpg,7,3,5.8897033,0.42427987
523,data/test/photo/IMP-1993-07-05-a-i0166.jpg,7,7,6.2704024,0.49417698
524,data/test/photo/IMP-1943-06-05-a-i0002.jpg,7,7,12.369609,0.92327213
525,data/test/photo/EXP-2007-10-16-a-i0176.jpg,7,2,7.375001,0.45925084
526,data/test/photo/JDG-1937-11-21-a-i0098.jpg,7,7,10.639185,0.52021897
527,data/test/photo/EXP-2002-11-11-a-i0237.jpg,7,7,8.097923,0.86975896
528,data/test/photo/EXP-1936-12-25-a-i0104.jpg,7,7,6.3517017,0.7605627
529,data/test/photo/IMP-2008-11-18-a-i0067.jpg,7,1,7.360199,0.8140818
530,data/test/photo/JDG-1979-10-17-a-i0143.jpg,7,7,12.560116,0.9919152
531,data/test/photo/EXP-1940-11-05-a-i0011.jpg,7,7,15.935508,0.99931955
532,data/test/photo/EXP-1962-08-21-a-i0108.jpg,7,7,9.903927,0.6370209
533,data/test/photo/EXP-2012-06-14-a-i0072.jpg,7,1,4.489991,0.4200172
534,data/test/photo/IMP-2008-02-13-a-i0283.jpg,7,0,4.856104,0.26542765
535,data/test/photo/EXP-1940-07-24-a-i0012.jpg,7,7,9.990112,0.9781658
536,data/test/photo/IMP-2002-06-13-a-i0314.jpg,7,7,8.737942,0.9718036
537,data/test/photo/IMP-1943-02-06-a-i0003_2.jpg,7,7,10.03816,0.6860936
538,data/test/photo/EXP-1971-12-02-a-i0451.jpg,7,7,12.271562,0.97643375
539,data/test/photo/EXP-1940-12-13-a-i0002.jpg,7,7,13.175112,0.9895802
540,data/test/photo/LCE-1977-12-20-a-i0030.jpg,7,3,11.379616,0.83118796
541,data/test/photo/IMP-1969-10-08-a-i0121.jpg,7,6,14.528884,0.97719795
542,data/test/photo/GDL-1985-09-04-a-i0027.jpg,7,7,10.817299,0.9748834
543,data/test/photo/LCE-1970-03-16-a-i0098.jpg,7,7,11.979902,0.9534321
544,data/test/photo/IMP-2016-05-31-a-i0193.jpg,7,8,6.79191,0.5831409
545,data/test/photo/IMP-2017-12-23-a-i0248.jpg,7,2,5.408579,0.42018688
546,data/test/photo/IMP-2015-06-29-a-i0115.jpg,7,5,7.066019,0.6010428
547,data/test/photo/EXP-1987-10-22-a-i0509.jpg,7,6,8.29094,0.54141235
548,data/test/photo/IMP-1990-10-02-a-i0036.jpg,7,9,8.939054,0.6362618
549,data/test/photo/LCE-1988-01-12-a-i0057.jpg,7,3,11.133608,0.8781187
550,data/test/photo/EXP-2008-10-10-a-i0155.jpg,7,3,7.6781983,0.8454944
551,data/test/photo/EXP-1913-09-17-a-i0084_2.jpg,7,7,10.028446,0.9402243
552,data/test/photo/GDL-1979-05-08-a-i0045.jpg,7,7,14.200464,0.99572515
553,data/test/photo/EXP-2002-11-01-a-i0192.jpg,7,4,6.9975495,0.3625765
554,data/test/photo/IMP-1983-10-28-a-i0354.jpg,7,7,12.809418,0.55006063
555,data/test/photo/IMP-1927-03-07-a-i0026.jpg,7,6,11.516371,0.7085506
556,data/test/photo/IMP-1943-02-06-a-i0003_3.jpg,7,7,6.640772,0.7149398
557,data/test/photo/GDL-1982-03-17-a-i0121.jpg,7,7,16.550106,0.99924797
558,data/test/photo/IMP-1981-01-08-a-i0013.jpg,7,7,12.327039,0.96014595
559,data/test/photo/EXP-1941-04-19-a-i0003.jpg,7,7,9.36138,0.94384176
560,data/test/photo/IMP-1931-02-18-a-i0004.jpg,7,7,12.89208,0.97931355
561,data/test/photo/IMP-1961-09-08-a-i0166.jpg,7,7,13.929068,0.9974318
562,data/test/photo/EXP-2008-06-21-a-i0182.jpg,7,4,6.243155,0.65308213
563,data/test/photo/LCE-1974-11-05-a-i0010.jpg,7,7,11.715189,0.9977483
564,data/test/photo/EXP-2001-10-30-a-i0026.jpg,7,7,10.103349,0.68376094
565,data/test/photo/IMP-2008-06-02-a-i0067.jpg,7,3,4.68576,0.28826377
566,data/test/photo/GDL-1927-10-20-a-i0005.jpg,7,7,14.285568,0.9951342
567,data/test/photo/EXP-1968-07-02-a-i0132.jpg,7,7,16.413069,0.93937105
568,data/test/photo/IMP-1949-07-18-a-i0007.jpg,7,6,13.023636,0.7926698
569,data/test/photo/IMP-1999-12-31-a-i0037.jpg,7,7,11.204653,0.98400855
570,data/test/photo/EXP-1934-09-17-a-i0013.jpg,7,7,15.817129,0.9910302
571,data/test/photo/IMP-1997-08-09-a-i0216.jpg,7,7,7.1010656,0.6094089
572,data/test/photo/EXP-1928-11-07-a-i0065.jpg,7,7,13.145852,0.95334643
573,data/test/photo/IMP-1935-05-23-a-i0005.jpg,7,7,8.55568,0.87510103
574,data/test/photo/LCE-1956-11-16-a-i0030.jpg,7,7,15.275183,0.9944068
575,data/test/photo/IMP-1940-08-06-a-i0014.jpg,7,7,13.082767,0.9710241
576,data/test/photo/IMP-1945-05-09-a-i0006.jpg,7,7,15.100138,0.99724627
577,data/test/photo/IMP-1948-06-24-a-i0036.jpg,7,7,8.684511,0.9154651
578,data/test/photo/IMP-1938-12-15-a-i0014.jpg,7,6,8.2083845,0.56784636
579,data/test/photo/EXP-1936-06-20-a-i0103.jpg,7,7,11.229067,0.9442857
580,data/test/photo/EXP-1988-05-07-a-i0236.jpg,7,7,6.0118093,0.4769877
581,data/test/photo/JDG-1995-03-30-a-i0189.jpg,7,7,7.6429243,0.32469267
582,data/test/photo/IMP-2010-08-14-a-i0188.jpg,7,7,8.048595,0.9584549
583,data/test/photo/IMP-2001-10-11-a-i0283.jpg,7,7,11.030351,0.926315
584,data/test/photo/IMP-1977-11-07-a-i0242.jpg,7,7,10.289295,0.90133095
585,data/test/photo/EXP-1915-11-19-a-i0077.jpg,7,7,12.839382,0.9065065
586,data/test/photo/IMP-1944-08-08-a-i0008.jpg,7,7,9.001389,0.8313265
587,data/test/photo/EXP-1932-04-08-a-i0060.jpg,7,6,14.091106,0.95258635
588,data/test/photo/IMP-1966-10-07-a-i0138.jpg,7,7,10.063644,0.9724761
589,data/test/photo/JDG-1928-05-27-a-i0061.jpg,7,6,13.909449,0.9590155
590,data/test/photo/JDG-1945-02-16-a-i0075_2.jpg,7,6,6.9121056,0.54620165
591,data/test/photo/JDG-1969-07-12-a-i0114.jpg,7,7,13.163061,0.9491157
592,data/test/photo/JDG-1941-10-29-a-i0004.jpg,7,6,11.949318,0.8021878
593,data/test/photo/EXP-1996-09-14-a-i0295.jpg,7,7,9.621661,0.9851895
594,data/test/photo/IMP-2004-09-04-a-i0354.jpg,7,7,14.177514,0.95847875
595,data/test/photo/IMP-2006-10-05-a-i0259.jpg,7,8,4.0967345,0.47991928
596,data/test/photo/EXP-1978-11-11-a-i0510.jpg,7,7,11.084585,0.98651206
597,data/test/photo/IMP-1941-06-23-a-i0009.jpg,7,7,15.601442,0.9979996
598,data/test/photo/EXP-1995-11-24-a-i0048.jpg,7,7,10.033895,0.9619438
599,data/test/photo/EXP-1962-02-01-a-i0167.jpg,7,7,13.853268,0.95030165
600,data/test/photo/IMP-1966-12-26-a-i0116.jpg,7,8,10.116799,0.58195937
601,data/test/photo/JDG-1990-05-08-a-i0116.jpg,7,3,6.1849456,0.45501423
602,data/test/photo/EXP-1972-07-26-a-i0286.jpg,7,7,12.818809,0.7725547
603,data/test/photo/IMP-1965-04-20-a-i0007.jpg,7,7,7.4489107,0.9363723
604,data/test/photo/EXP-1979-10-23-a-i0132.jpg,7,7,9.97598,0.9666968
605,data/test/photo/JDG-1984-01-16-a-i0145.jpg,7,7,14.5456,0.9963492
606,data/test/photo/IMP-1960-06-16-a-i0011.jpg,7,7,7.7188635,0.7265999
607,data/test/photo/GDL-1925-12-14-a-i0044.jpg,7,7,9.044118,0.88637847
608,data/test/photo/IMP-1915-05-01-a-i0007.jpg,7,0,11.46141,0.42693427
609,data/test/photo/GDL-1980-05-08-a-i0114.jpg,7,3,6.9722414,0.6071252
610,data/test/photo/LCE-1969-07-09-a-i0083.jpg,7,7,13.479393,0.98315954
611,data/test/photo/IMP-2013-01-24-a-i0107.jpg,7,7,9.192357,0.9804866
612,data/test/photo/EXP-1991-06-10-a-i0093.jpg,7,6,8.905212,0.5110811
613,data/test/photo/IMP-1917-02-20-a-i0007.jpg,7,7,12.189738,0.8420661
614,data/test/photo/IMP-2001-08-24-a-i0185.jpg,7,7,6.710051,0.64812696
615,data/test/photo/EXP-1900-12-31-a-i0138_2.jpg,7,7,9.620024,0.5843075
616,data/test/photo/IMP-1969-01-25-a-i0104.jpg,7,1,8.032493,0.58294314
617,data/test/photo/EXP-1929-08-19-a-i0011.jpg,7,7,13.857372,0.98196435
618,data/test/photo/GDL-1991-06-01-a-i0197.jpg,7,7,9.549137,0.93383574
619,data/test/photo/IMP-2013-01-05-a-i0213.jpg,7,1,5.3066707,0.3744571
620,data/test/photo/EXP-1990-11-24-a-i0086.jpg,7,7,10.901447,0.9379745
621,data/test/photo/GDL-1928-01-12-a-i0003.jpg,7,7,12.967346,0.9715431
622,data/test/photo/IMP-1941-08-29-a-i0071.jpg,7,7,15.81107,0.99637043
623,data/test/photo/LCE-1983-10-04-a-i0034.jpg,7,7,11.495215,0.9387815
624,data/test/photo/EXP-1967-05-05-a-i0062.jpg,7,7,11.009177,0.94052666
625,data/test/photo/JDG-1943-09-20-a-i0023.jpg,7,6,8.699688,0.6206251
626,data/test/photo/EXP-1988-12-22-a-i0069.jpg,7,7,8.119352,0.77598155
627,data/test/photo/EXP-2007-06-21-a-i0331.jpg,7,7,11.08235,0.9479297
628,data/test/photo/GDL-1939-10-30-a-i0044.jpg,7,7,11.857069,0.95101064
629,data/test/photo/LCE-1969-11-08-a-i0113.jpg,7,7,10.17844,0.9610347
630,data/test/photo/EXP-1932-03-16-a-i0064.jpg,7,7,11.091745,0.9663715
631,data/test/photo/IMP-2003-08-30-a-i0229.jpg,7,7,7.9884176,0.8706166
632,data/test/photo/IMP-1968-02-01-a-i0304.jpg,7,6,6.9704294,0.55329275
633,data/test/photo/EXP-2017-05-03-a-i0038.jpg,7,8,5.0241885,0.38334313
634,data/test/photo/GDL-1955-07-23-a-i0002.jpg,7,7,11.368792,0.55161405
635,data/test/photo/EXP-1993-11-12-a-i0261.jpg,7,7,6.4563994,0.3765899
636,data/test/photo/EXP-2007-08-03-a-i0293.jpg,7,4,5.759756,0.57847387
637,data/test/photo/IMP-1928-07-27-a-i0003.jpg,7,7,15.529886,0.9983152
638,data/test/photo/IMP-2008-10-13-a-i0075.jpg,7,7,9.175955,0.76243836
639,data/test/photo/IMP-1974-11-11-a-i0066.jpg,7,7,7.5516706,0.74102235
640,data/test/photo/LCE-1943-07-12-a-i0010.jpg,7,7,12.012607,0.7788876
641,data/test/photo/GDL-1935-05-12-a-i0074.jpg,7,7,10.128191,0.5085242
642,data/test/photo/EXP-1977-07-23-a-i0116.jpg,7,7,8.920824,0.9103694
643,data/test/photo/IMP-2016-04-04-a-i0034.jpg,7,0,7.058758,0.49497572
644,data/test/photo/EXP-1937-02-20-a-i0144.jpg,7,3,9.420159,0.61484927
645,data/test/photo/IMP-1953-12-23-a-i0123.jpg,7,7,11.154655,0.9067163
646,data/test/photo/IMP-2001-08-15-a-i0127.jpg,7,6,11.702787,0.61426723
647,data/test/photo/JDG-1945-02-16-a-i0075.jpg,7,6,6.9121056,0.54620165
648,data/test/photo/EXP-2016-01-22-a-i0238.jpg,7,8,5.260303,0.5263172
649,data/test/photo/EXP-1956-04-06-a-i0012.jpg,7,7,11.484032,0.9632532
650,data/test/photo/IMP-1992-10-17-a-i0264.jpg,7,6,7.9099197,0.52031255
651,data/test/photo/EXP-2007-09-04-a-i0328.jpg,7,7,4.002477,0.3703926
652,data/test/photo/IMP-2009-03-21-a-i0313.jpg,7,1,9.142298,0.98493135
653,data/test/photo/EXP-1989-06-08-a-i0011.jpg,7,7,10.111362,0.86017567
654,data/test/photo/IMP-1978-09-23-a-i0009.jpg,7,7,12.6889,0.9113065
655,data/test/photo/IMP-1956-04-24-a-i0007.jpg,7,7,8.863029,0.9239704
656,data/test/photo/IMP-1964-09-14-a-i0232.jpg,7,7,9.58136,0.9509009
657,data/test/photo/EXP-2002-02-14-a-i0206.jpg,7,7,10.181856,0.99325114
658,data/test/photo/IMP-2008-03-18-a-i0121.jpg,7,7,13.091866,0.99563146
659,data/test/photo/IMP-1969-09-13-a-i0155.jpg,7,6,9.561922,0.6517725
660,data/test/photo/EXP-1993-11-05-a-i0131.jpg,7,7,10.03074,0.9174055
661,data/test/photo/IMP-2010-01-14-a-i0019.jpg,7,1,4.4952183,0.38332158
662,data/test/photo/IMP-1913-07-31-a-i0020.jpg,7,7,12.306002,0.98502237
663,data/test/photo/IMP-1949-03-03-a-i0063.jpg,7,7,8.107325,0.60128695
664,data/test/photo/EXP-1987-03-11-a-i0009.jpg,7,7,9.328276,0.89062965
665,data/test/photo/GDL-1951-03-09-a-i0008.jpg,7,7,14.626451,0.9788487
666,data/test/photo/IMP-1973-02-06-a-i0033.jpg,7,6,9.678451,0.85105705
667,data/test/photo/IMP-1936-03-10-a-i0003.jpg,7,7,10.397775,0.88244325
668,data/test/photo/IMP-1929-08-10-a-i0004.jpg,7,7,12.736547,0.91756666
669,data/test/photo/JDG-1937-10-07-a-i0003.jpg,7,7,11.920522,0.99293983
670,data/test/photo/IMP-1914-04-14-a-i0002.jpg,7,7,18.689386,0.9991929
671,data/test/photo/IMP-1926-12-28-a-i0009.jpg,7,7,8.758806,0.9223
672,data/test/photo/JDG-1959-09-30-a-i0045.jpg,7,7,12.327921,0.95007074
673,data/test/photo/IMP-2017-05-10-a-i0059.jpg,7,7,7.1904473,0.7736801
674,data/test/photo/EXP-1930-08-27-a-i0004.jpg,7,7,12.097286,0.9567191
675,data/test/photo/IMP-1949-04-14-a-i0055.jpg,7,7,11.939821,0.988379
676,data/test/photo/EXP-1913-11-21-a-i0082.jpg,7,7,12.580603,0.9287432
677,data/test/photo/EXP-1940-06-14-a-i0005.jpg,7,7,9.693541,0.75657743
678,data/test/photo/EXP-1988-08-20-a-i0138.jpg,7,7,9.786908,0.9592949
679,data/test/photo/IMP-1963-09-05-a-i0007.jpg,7,7,11.960627,0.9027456
680,data/test/photo/IMP-1965-12-30-a-i0057.jpg,7,7,14.828974,0.9938019
681,data/test/photo/EXP-2007-12-27-a-i0146.jpg,7,7,6.6040993,0.66698647
682,data/test/photo/IMP-1980-11-07-a-i0383.jpg,7,7,10.181145,0.9853339
683,data/test/photo/EXP-2016-09-17-a-i0140.jpg,7,3,14.186619,0.96448904
684,data/test/photo/IMP-1946-05-06-a-i0008.jpg,7,7,8.643049,0.8387622
685,data/test/photo/JDG-1978-12-19-a-i0056.jpg,7,7,11.473436,0.9826585
686,data/test/photo/IMP-2012-11-05-a-i0101.jpg,7,3,8.134324,0.87891644
687,data/test/photo/EXP-1957-05-08-a-i0009.jpg,7,7,12.397081,0.99145716
688,data/test/photo/JDG-1958-01-11-a-i0079.jpg,7,7,11.517479,0.99835545
689,data/test/photo/IMP-1977-11-14-a-i0107.jpg,7,7,6.892165,0.57926404
690,data/test/photo/EXP-2010-07-14-a-i0108.jpg,7,1,7.491691,0.9563474
691,data/test/photo/LCE-1989-09-22-a-i0018.jpg,7,7,11.3863945,0.9284952
692,data/test/photo/IMP-1982-06-11-a-i0227.jpg,7,7,16.214611,0.99601775
693,data/test/photo/IMP-1985-11-11-a-i0143.jpg,7,7,10.137879,0.89763266
694,data/test/photo/EXP-1996-11-16-a-i0042.jpg,7,7,8.57079,0.92020863
695,data/test/photo/EXP-1987-08-13-a-i0007.jpg,7,7,12.938419,0.99169874
696,data/test/photo/GDL-1958-02-01-a-i0009.jpg,7,6,7.9729877,0.58174545
697,data/test/photo/EXP-2000-01-31-a-i0255.jpg,7,7,9.118009,0.9728706
698,data/test/photo/EXP-2000-10-18-a-i0167.jpg,7,7,12.374463,0.98389256
699,data/test/photo/IMP-1932-09-19-a-i0005.jpg,7,7,9.489447,0.9300844
700,data/test/photo/EXP-2001-03-16-a-i0237.jpg,7,4,7.7728086,0.575095
701,data/test/photo/JDG-1974-05-18-a-i0221.jpg,7,7,8.312182,0.87869126
702,data/test/photo/IMP-1982-07-02-a-i0242.jpg,7,7,6.3234787,0.5108925
703,data/test/photo/IMP-1914-05-30-a-i0005.jpg,7,7,15.892808,0.99776137
704,data/test/photo/EXP-1914-06-02-a-i0100.jpg,7,6,14.132032,0.7049438
705,data/test/photo/EXP-1946-03-15-a-i0147.jpg,7,7,9.495508,0.87769175
706,data/test/photo/GDL-1966-07-28-a-i0169.jpg,7,7,13.882746,0.99007004
707,data/test/photo/EXP-1970-06-20-a-i0575.jpg,7,7,14.564442,0.9969626
708,data/test/photo/JDG-1975-10-18-a-i0186.jpg,7,6,13.264982,0.9709454
709,data/test/photo/EXP-2006-08-03-a-i0195.jpg,7,7,4.5056887,0.33149397
710,data/test/photo/IMP-1983-03-10-a-i0177.jpg,7,7,9.315815,0.9158077
711,data/test/photo/EXP-1912-07-13-a-i0109.jpg,7,7,15.16609,0.98450375
712,data/test/photo/IMP-1993-05-08-a-i0276.jpg,7,7,10.10458,0.79382604
713,data/test/photo/IMP-1963-07-24-a-i0171.jpg,7,7,10.958984,0.9884192
714,data/test/photo/IMP-2000-05-29-a-i0059.jpg,7,7,9.091123,0.95108277
715,data/test/photo/EXP-2010-05-04-a-i0036.jpg,7,7,9.453459,0.83133554
716,data/test/photo/EXP-1995-06-24-a-i0240.jpg,7,7,4.908641,0.5475589
717,data/test/photo/EXP-1989-12-22-a-i0227.jpg,7,7,7.7023287,0.8595028
718,data/test/photo/EXP-2007-07-26-a-i0207.jpg,7,7,5.0391393,0.53746504
719,data/test/photo/IMP-2014-01-29-a-i0191.jpg,7,7,6.3162956,0.37110558
720,data/test/photo/EXP-1938-03-31-a-i0087.jpg,7,7,13.152779,0.9327077
721,data/test/photo/EXP-1987-01-03-a-i0205.jpg,7,7,6.3130517,0.46753046
722,data/test/photo/EXP-1979-08-10-a-i0158.jpg,7,7,10.980991,0.9160859
723,data/test/photo/LCE-1978-10-27-a-i0067.jpg,7,7,11.602158,0.76889575
724,data/test/photo/IMP-1972-11-23-a-i0328.jpg,7,7,8.871996,0.90980977
725,data/test/photo/IMP-2015-06-19-a-i0017.jpg,7,7,5.652697,0.28715813
726,data/test/photo/IMP-2016-04-07-a-i0034.jpg,7,7,5.3922386,0.40517795
727,data/test/photo/EXP-1937-04-29-a-i0053.jpg,7,6,11.221313,0.82025045
728,data/test/photo/EXP-2012-03-20-a-i0180.jpg,7,7,8.008274,0.5210185
729,data/test/photo/IMP-1956-01-23-a-i0034.jpg,7,7,10.629463,0.8736427
730,data/test/photo/IMP-1965-04-03-a-i0361.jpg,7,7,12.047867,0.8480243
731,data/test/photo/EXP-1971-09-15-a-i0392.jpg,7,7,11.825725,0.86543036
732,data/test/photo/JDG-1990-02-23-a-i0168.jpg,7,6,12.687463,0.76344174
733,data/test/photo/IMP-2015-06-23-a-i0053.jpg,7,8,3.340209,0.30546683
734,data/test/photo/IMP-1966-07-23-a-i0027.jpg,7,7,12.770384,0.99108815
735,data/test/photo/IMP-1986-09-08-a-i0222.jpg,7,7,11.442663,0.8724191
736,data/test/photo/EXP-2015-04-24-a-i0167.jpg,7,7,9.288705,0.5796399
737,data/test/photo/EXP-1999-12-02-a-i0140.jpg,7,3,8.05027,0.7608377
738,data/test/photo/EXP-1987-06-09-a-i0138.jpg,7,7,9.285794,0.90753627
739,data/test/photo/EXP-2015-02-05-a-i0115.jpg,7,2,5.6874228,0.34325173
740,data/test/photo/EXP-1975-11-27-a-i0296.jpg,7,6,9.015898,0.517387
741,data/test/photo/GDL-1967-01-16-a-i0140.jpg,7,7,10.999016,0.9570312
742,data/test/photo/IMP-2016-08-05-a-i0071.jpg,7,1,8.451265,0.9726582
743,data/test/photo/IMP-1938-03-17-a-i0003.jpg,7,7,12.5984955,0.9887583
744,data/test/photo/JDG-1979-05-09-a-i0130.jpg,7,7,6.5157766,0.6751076
745,data/test/photo/EXP-1988-06-27-a-i0026.jpg,7,3,9.5129795,0.47792885
746,data/test/photo/IMP-1960-07-16-a-i0064.jpg,7,7,7.4682693,0.7530105
747,data/test/photo/IMP-2011-11-08-a-i0030.jpg,7,5,6.4433675,0.6527813
748,data/test/photo/IMP-2014-03-27-a-i0062.jpg,7,2,4.666832,0.2177663
749,data/test/photo/IMP-1959-03-13-a-i0169.jpg,7,7,10.043574,0.7031604
750,data/test/photo/EXP-1938-06-07-a-i0066.jpg,7,7,8.837406,0.80914503
751,data/test/photo/EXP-1931-12-17-a-i0121.jpg,7,7,13.565294,0.98318154
752,data/test/photo/EXP-2010-12-02-a-i0036.jpg,7,2,7.422052,0.5112532
753,data/test/photo/EXP-1964-05-26-a-i0222.jpg,7,7,10.412587,0.90630955
754,data/test/photo/IMP-1958-10-24-a-i0187.jpg,7,7,9.182129,0.59090656
755,data/test/photo/IMP-2008-02-13-a-i0010.jpg,7,7,5.625124,0.7061862
756,data/test/photo/JDG-1959-11-11-a-i0141.jpg,7,6,15.459996,0.92307526
757,data/test/photo/IMP-1949-12-22-a-i0014.jpg,7,7,11.612618,0.96184874
758,data/test/photo/IMP-1940-06-22-a-i0008.jpg,7,7,14.288034,0.9967069
759,data/test/photo/EXP-1971-08-30-a-i0012.jpg,7,7,13.192784,0.9573986
760,data/test/photo/IMP-1999-05-27-a-i0288.jpg,7,7,8.4987545,0.81034315
761,data/test/photo/IMP-2002-11-08-a-i0065.jpg,7,7,11.732577,0.99590105
762,data/test/photo/EXP-1928-03-06-a-i0061.jpg,7,7,11.675917,0.55055034
763,data/test/photo/EXP-1945-12-13-a-i0079.jpg,7,6,10.596208,0.75323725
764,data/test/photo/EXP-1969-10-17-a-i0065.jpg,7,7,9.381331,0.96924657
765,data/test/photo/EXP-1958-06-30-a-i0012.jpg,7,7,9.863847,0.9404077
766,data/test/photo/IMP-1939-04-29-a-i0002.jpg,7,7,9.915284,0.49305362
767,data/test/photo/EXP-2012-02-11-a-i0244.jpg,7,1,7.9688253,0.82183194
768,data/test/photo/IMP-1998-07-13-a-i0062.jpg,7,3,12.957009,0.9213903
769,data/test/photo/EXP-1970-05-04-a-i0007.jpg,7,7,11.5837965,0.88692164
770,data/test/photo/EXP-1994-08-23-a-i0129.jpg,7,7,12.940146,0.9966779
771,data/test/photo/IMP-1945-07-28-a-i0096.jpg,7,7,12.616898,0.9819963
772,data/test/photo/IMP-2012-05-18-a-i0083.jpg,7,3,8.483161,0.9019826
773,data/test/photo/IMP-1968-08-23-a-i0248.jpg,7,7,10.291202,0.9565188
774,data/test/photo/IMP-1944-09-14-a-i0067.jpg,7,7,12.187474,0.7618691
775,data/test/photo/JDG-1986-08-16-a-i0178.jpg,7,7,13.149868,0.98732156
776,data/test/photo/LCE-1969-02-14-a-i0005.jpg,7,6,13.040838,0.85558945
777,data/test/photo/EXP-2010-03-27-a-i0274.jpg,7,4,6.155964,0.7027074
778,data/test/photo/IMP-1969-10-06-a-i0157.jpg,7,7,7.1725864,0.7311886
779,data/test/photo/IMP-2017-07-05-a-i0077.jpg,7,8,6.30914,0.2609207
780,data/test/photo/JDG-1989-11-07-a-i0090.jpg,7,7,12.082026,0.9969482
781,data/test/photo/EXP-2012-06-13-a-i0167.jpg,7,8,9.202629,0.70356506
782,data/test/photo/EXP-2004-11-04-a-i0200.jpg,7,7,4.8975143,0.63750803
783,data/test/photo/IMP-2013-04-30-a-i0141.jpg,7,3,7.3140693,0.36944956
784,data/test/photo/EXP-1954-02-16-a-i0010.jpg,7,7,7.6607676,0.6631233
785,data/test/photo/IMP-1976-03-11-a-i0063.jpg,7,7,8.842104,0.5137459
786,data/test/photo/IMP-2016-03-02-a-i0381.jpg,7,3,5.1066723,0.5351364
787,data/test/photo/IMP-2009-05-04-a-i0182.jpg,7,8,7.2885294,0.7322971
788,data/test/photo/EXP-1926-08-11-a-i0064.jpg,7,7,10.974235,0.98831534
789,data/test/photo/IMP-2012-06-27-a-i0062.jpg,7,8,5.496535,0.5867183
790,data/test/photo/EXP-1989-07-29-a-i0029.jpg,7,7,8.45237,0.6588768
791,data/test/photo/EXP-1930-06-03-a-i0004.jpg,7,7,13.965045,0.9928266
